,Threshold,Number_Columns_Train,Names_Columns_Train,Names_Columns_Final,Final_Model_Parameters,"Training ACC, F1, Precision, Recall","Validation ACC, F1, Precision, Recall","Testing ACC, F1, Precision, Recall",Global Explanations,Local Explanations,Results_Training_Before_FS,Results_Training_After_FS
0,2.89,19,"['paperlessbilling', 'paymentmethod', 'dependents', 'multiplelines', 'totalcharges', 'phoneservice', 'deviceprotection', 'monthlycharges', 'seniorcitizen', 'onlinebackup', 'techsupport', 'streamingmovies', 'onlinesecurity', 'contract', 'internetservice', 'partner', 'gender', 'streamingtv', 'tenure']","['contract', 'monthlycharges', 'totalcharges', 'tenure', 'paymentmethod']","{'ccp_alpha': 0.0, 'class_weight': 'balanced', 'criterion': 'entropy', 'max_depth': 7, 'max_features': None, 'max_leaf_nodes': None, 'min_impurity_decrease': 0.0, 'min_samples_leaf': 1, 'min_samples_split': 2, 'min_weight_fraction_leaf': 0.0, 'monotonic_cst': None, 'random_state': 42, 'splitter': 'best'}","(np.float64(0.7826846497396296), 0.646798465624078, 0.5266698702546853, 0.8379204892966361)","(np.float64(0.7376510095642883), np.float64(0.6165305475059665))","(np.float64(0.7518495631129969), 0.6114911080711354, 0.4961154273029967, 0.7967914438502673)","{'Feature': ['tenure', 'monthlycharges', 'totalcharges', 'contract_Month-to-month', 'contract_One year', 'contract_Two year', 'paymentmethod_Bank transfer (automatic)', 'paymentmethod_Credit card (automatic)', 'paymentmethod_Electronic check', 'paymentmethod_Mailed check'], 'Importance': array([0.14213386, 0.22610074, 0.10387759, 0.4747374 , 0.        ,
       0.02788909, 0.00261203, 0.00290064, 0.01877393, 0.00097472])}","{0: {'Feature': ['tenure', 'monthlycharges', 'totalcharges', 'contract_Month-to-month', 'contract_One year', 'contract_Two year', 'paymentmethod_Bank transfer (automatic)', 'paymentmethod_Credit card (automatic)', 'paymentmethod_Electronic check', 'paymentmethod_Mailed check'], 'Weights': array([-0.04986011,  0.39257778,  0.18756669, -0.11528315,  0.        ,
       -0.01021302,  0.00139374, -0.00051127,  0.01597923,  0.07835012]), 'Predicted Class': np.int64(0)}, 1: {'Feature': ['tenure', 'monthlycharges', 'totalcharges', 'contract_Month-to-month', 'contract_One year', 'contract_Two year', 'paymentmethod_Bank transfer (automatic)', 'paymentmethod_Credit card (automatic)', 'paymentmethod_Electronic check', 'paymentmethod_Mailed check'], 'Weights': array([ 3.64347404e-02,  1.09312847e-01,  7.01609722e-03, -1.40473743e-01,
        0.00000000e+00, -1.33831216e-02,  3.60595338e-04,  7.31293628e-04,
        1.42453518e-02, -6.79848501e-05]), 'Predicted Class': np.int64(0)}, 2: {'Feature': ['tenure', 'monthlycharges', 'totalcharges', 'contract_Month-to-month', 'contract_One year', 'contract_Two year', 'paymentmethod_Bank transfer (automatic)', 'paymentmethod_Credit card (automatic)', 'paymentmethod_Electronic check', 'paymentmethod_Mailed check'], 'Weights': array([ 7.63605953e-02, -6.10770665e-02,  1.50353136e-01,  3.07254660e-01,
        0.00000000e+00,  1.97002336e-02, -1.47034577e-03,  1.20857887e-03,
        7.51730397e-03,  1.52905199e-04]), 'Predicted Class': np.int64(0)}, 3: {'Feature': ['tenure', 'monthlycharges', 'totalcharges', 'contract_Month-to-month', 'contract_One year', 'contract_Two year', 'paymentmethod_Bank transfer (automatic)', 'paymentmethod_Credit card (automatic)', 'paymentmethod_Electronic check', 'paymentmethod_Mailed check'], 'Weights': array([ 1.08217909e-01,  6.35341507e-02,  7.69761411e-02,  2.42818481e-01,
        0.00000000e+00, -2.92358958e-02,  7.99767977e-04,  2.77909096e-03,
        5.30714836e-03, -4.92416782e-05]), 'Predicted Class': np.int64(0)}, 4: {'Feature': ['tenure', 'monthlycharges', 'totalcharges', 'contract_Month-to-month', 'contract_One year', 'contract_Two year', 'paymentmethod_Bank transfer (automatic)', 'paymentmethod_Credit card (automatic)', 'paymentmethod_Electronic check', 'paymentmethod_Mailed check'], 'Weights': array([ 1.40159316e-02,  7.70008606e-02,  4.13605749e-02,  2.26161739e-01,
        0.00000000e+00, -6.17597089e-02,  7.99767977e-04,  2.77909096e-03,
        8.38741087e-03, -4.92416782e-05]), 'Predicted Class': np.int64(0)}}","[{'criterion': 'entropy', 'max_depth': 20}, np.float64(0.6636632297839051), np.float64(0.5061918283690449), array([1.13919605e-01, 1.94134840e-01, 1.79137508e-01, 1.44885248e-02,
       1.50198751e-02, 8.16767366e-03, 1.08059864e-02, 1.09153029e-02,
       1.10233449e-02, 8.39528715e-04, 1.05842610e-03, 8.28739962e-03,
       1.13527691e-03, 8.33573162e-03, 1.01295769e-04, 3.73795861e-02,
       1.81486847e-19, 1.47031839e-02, 3.78562298e-04, 8.58077949e-03,
       9.75204464e-03, 0.00000000e+00, 7.90179717e-03, 8.47454129e-03,
       2.28015593e-05, 7.09980211e-03, 1.06682599e-02, 9.79117471e-05,
       7.01019536e-03, 4.14212705e-03, 0.00000000e+00, 4.17846387e-03,
       5.95210192e-03, 7.74258901e-04, 7.52807952e-03, 1.84395698e-01,
       5.63611085e-03, 6.37698226e-03, 1.09059551e-02, 1.06800946e-02,
       1.21682585e-02, 1.35275545e-02, 1.60939179e-02, 1.02224437e-02,
       9.69491224e-03, 8.28325642e-03])]","[{'criterion': 'entropy', 'max_depth': 7}, np.float64(0.7376510095642883), np.float64(0.6165305475059665), array([0.12930108, 0.24321131, 0.10442533, 0.45789152, 0.01452283,
       0.01725562, 0.00754312, 0.00363128, 0.02032408, 0.00189383])]"
1,2.84,18,"['paperlessbilling', 'paymentmethod', 'dependents', 'multiplelines', 'totalcharges', 'phoneservice', 'deviceprotection', 'monthlycharges', 'seniorcitizen', 'onlinebackup', 'techsupport', 'streamingmovies', 'onlinesecurity', 'contract', 'internetservice', 'gender', 'streamingtv', 'tenure']","['monthlycharges', 'contract', 'totalcharges', 'tenure', 'paymentmethod']","{'ccp_alpha': 0.0, 'class_weight': 'balanced', 'criterion': 'entropy', 'max_depth': 7, 'max_features': None, 'max_leaf_nodes': None, 'min_impurity_decrease': 0.0, 'min_samples_leaf': 1, 'min_samples_split': 2, 'min_weight_fraction_leaf': 0.0, 'monotonic_cst': None, 'random_state': 42, 'splitter': 'best'}","(np.float64(0.7826846497396296), 0.646798465624078, 0.5266698702546853, 0.8379204892966361)","(np.float64(0.7376510095642883), np.float64(0.6165305475059665))","(np.float64(0.7518495631129969), 0.6114911080711354, 0.4961154273029967, 0.7967914438502673)","{'Feature': ['tenure', 'monthlycharges', 'totalcharges', 'contract_Month-to-month', 'contract_One year', 'contract_Two year', 'paymentmethod_Bank transfer (automatic)', 'paymentmethod_Credit card (automatic)', 'paymentmethod_Electronic check', 'paymentmethod_Mailed check'], 'Importance': array([0.14213386, 0.22610074, 0.10387759, 0.4747374 , 0.        ,
       0.02788909, 0.00261203, 0.00290064, 0.01877393, 0.00097472])}","{0: {'Feature': ['tenure', 'monthlycharges', 'totalcharges', 'contract_Month-to-month', 'contract_One year', 'contract_Two year', 'paymentmethod_Bank transfer (automatic)', 'paymentmethod_Credit card (automatic)', 'paymentmethod_Electronic check', 'paymentmethod_Mailed check'], 'Weights': array([-0.04986011,  0.39257778,  0.18756669, -0.11528315,  0.        ,
       -0.01021302,  0.00139374, -0.00051127,  0.01597923,  0.07835012]), 'Predicted Class': np.int64(0)}, 1: {'Feature': ['tenure', 'monthlycharges', 'totalcharges', 'contract_Month-to-month', 'contract_One year', 'contract_Two year', 'paymentmethod_Bank transfer (automatic)', 'paymentmethod_Credit card (automatic)', 'paymentmethod_Electronic check', 'paymentmethod_Mailed check'], 'Weights': array([ 3.64347404e-02,  1.09312847e-01,  7.01609722e-03, -1.40473743e-01,
        0.00000000e+00, -1.33831216e-02,  3.60595338e-04,  7.31293628e-04,
        1.42453518e-02, -6.79848501e-05]), 'Predicted Class': np.int64(0)}, 2: {'Feature': ['tenure', 'monthlycharges', 'totalcharges', 'contract_Month-to-month', 'contract_One year', 'contract_Two year', 'paymentmethod_Bank transfer (automatic)', 'paymentmethod_Credit card (automatic)', 'paymentmethod_Electronic check', 'paymentmethod_Mailed check'], 'Weights': array([ 7.63605953e-02, -6.10770665e-02,  1.50353136e-01,  3.07254660e-01,
        0.00000000e+00,  1.97002336e-02, -1.47034577e-03,  1.20857887e-03,
        7.51730397e-03,  1.52905199e-04]), 'Predicted Class': np.int64(0)}, 3: {'Feature': ['tenure', 'monthlycharges', 'totalcharges', 'contract_Month-to-month', 'contract_One year', 'contract_Two year', 'paymentmethod_Bank transfer (automatic)', 'paymentmethod_Credit card (automatic)', 'paymentmethod_Electronic check', 'paymentmethod_Mailed check'], 'Weights': array([ 1.08217909e-01,  6.35341507e-02,  7.69761411e-02,  2.42818481e-01,
        0.00000000e+00, -2.92358958e-02,  7.99767977e-04,  2.77909096e-03,
        5.30714836e-03, -4.92416782e-05]), 'Predicted Class': np.int64(0)}, 4: {'Feature': ['tenure', 'monthlycharges', 'totalcharges', 'contract_Month-to-month', 'contract_One year', 'contract_Two year', 'paymentmethod_Bank transfer (automatic)', 'paymentmethod_Credit card (automatic)', 'paymentmethod_Electronic check', 'paymentmethod_Mailed check'], 'Weights': array([ 1.40159316e-02,  7.70008606e-02,  4.13605749e-02,  2.26161739e-01,
        0.00000000e+00, -6.17597089e-02,  7.99767977e-04,  2.77909096e-03,
        8.38741087e-03, -4.92416782e-05]), 'Predicted Class': np.int64(0)}}","[{'criterion': 'entropy', 'max_depth': 20}, np.float64(0.6663420382172459), np.float64(0.5102010844472696), array([1.17558270e-01, 2.01379380e-01, 1.80162762e-01, 1.58420504e-02,
       1.29621889e-02, 1.13557802e-02, 1.21385055e-02, 8.08752383e-04,
       1.30816544e-03, 7.91427845e-03, 1.10140168e-03, 8.51492942e-03,
       1.13307649e-04, 3.75568351e-02, 1.42550988e-19, 1.50442590e-02,
       0.00000000e+00, 8.24627311e-03, 9.10979023e-03, 3.41397084e-19,
       9.79227870e-03, 7.15992423e-03, 6.14755687e-20, 7.27694650e-03,
       1.13507245e-02, 8.65629340e-04, 7.75324129e-03, 4.36941988e-03,
       8.46367581e-19, 4.14251562e-03, 5.02866577e-03, 3.80891979e-04,
       8.08957563e-03, 1.85065256e-01, 6.11349778e-03, 5.78622972e-03,
       1.12720044e-02, 9.73587893e-03, 1.28194366e-02, 1.48655114e-02,
       1.63663576e-02, 1.13037240e-02, 9.14907576e-03, 1.01962844e-02])]","[{'criterion': 'entropy', 'max_depth': 7}, np.float64(0.7376510095642883), np.float64(0.6165305475059665), array([0.12930108, 0.24321131, 0.10442533, 0.45789152, 0.01452283,
       0.01725562, 0.00754312, 0.00363128, 0.02032408, 0.00189383])]"
2,2.64,17,"['paperlessbilling', 'paymentmethod', 'dependents', 'multiplelines', 'totalcharges', 'phoneservice', 'deviceprotection', 'monthlycharges', 'seniorcitizen', 'onlinebackup', 'techsupport', 'streamingmovies', 'onlinesecurity', 'contract', 'internetservice', 'gender', 'streamingtv']","['totalcharges', 'contract', 'monthlycharges', 'paymentmethod', 'internetservice']","{'ccp_alpha': 0.0, 'class_weight': 'balanced', 'criterion': 'entropy', 'max_depth': 7, 'max_features': None, 'max_leaf_nodes': None, 'min_impurity_decrease': 0.0, 'min_samples_leaf': 1, 'min_samples_split': 2, 'min_weight_fraction_leaf': 0.0, 'monotonic_cst': None, 'random_state': 42, 'splitter': 'best'}","(np.float64(0.7909920475757715), 0.6527100659592773, 0.5222579164754475, 0.8700305810397554)","(np.float64(0.7350880092505685), np.float64(0.6125697141772394))","(np.float64(0.752938184487951), 0.6106666666666667, 0.48775292864749736, 0.8163992869875223)","{'Feature': ['monthlycharges', 'totalcharges', 'internetservice_DSL', 'internetservice_Fiber optic', 'internetservice_No', 'contract_Month-to-month', 'contract_One year', 'contract_Two year', 'paymentmethod_Bank transfer (automatic)', 'paymentmethod_Credit card (automatic)', 'paymentmethod_Electronic check', 'paymentmethod_Mailed check'], 'Importance': array([0.16140491, 0.20460035, 0.02837841, 0.08422357, 0.        ,
       0.4642758 , 0.0121455 , 0.02304046, 0.00533952, 0.0043386 ,
       0.01129963, 0.00095324])}","{0: {'Feature': ['monthlycharges', 'totalcharges', 'internetservice_DSL', 'internetservice_Fiber optic', 'internetservice_No', 'contract_Month-to-month', 'contract_One year', 'contract_Two year', 'paymentmethod_Bank transfer (automatic)', 'paymentmethod_Credit card (automatic)', 'paymentmethod_Electronic check', 'paymentmethod_Mailed check'], 'Weights': array([ 0.06696569, -0.01655377,  0.2089657 ,  0.26136796,  0.        ,
       -0.10861667,  0.00483118, -0.00921625,  0.00113526, -0.00280374,
        0.01299197,  0.08093266]), 'Predicted Class': np.int64(0)}, 1: {'Feature': ['monthlycharges', 'totalcharges', 'internetservice_DSL', 'internetservice_Fiber optic', 'internetservice_No', 'contract_Month-to-month', 'contract_One year', 'contract_Two year', 'paymentmethod_Bank transfer (automatic)', 'paymentmethod_Credit card (automatic)', 'paymentmethod_Electronic check', 'paymentmethod_Mailed check'], 'Weights': array([-3.33465114e-02, -1.67537811e-02,  1.52103811e-02, -9.20601304e-02,
        0.00000000e+00,  1.45529885e-01, -4.83118369e-03,  1.12508974e-02,
       -1.03349794e-03, -7.22421004e-05, -1.29919701e-02,  1.32548876e-04]), 'Predicted Class': np.int64(1)}, 2: {'Feature': ['monthlycharges', 'totalcharges', 'internetservice_DSL', 'internetservice_Fiber optic', 'internetservice_No', 'contract_Month-to-month', 'contract_One year', 'contract_Two year', 'paymentmethod_Bank transfer (automatic)', 'paymentmethod_Credit card (automatic)', 'paymentmethod_Electronic check', 'paymentmethod_Mailed check'], 'Weights': array([-9.14109330e-02,  2.36830763e-01,  6.30092071e-03, -5.46139314e-02,
        0.00000000e+00,  3.27034626e-01,  5.54572954e-02,  1.01051664e-02,
        4.88864516e-03, -6.55931645e-05,  5.21575347e-03,  2.57287504e-04]), 'Predicted Class': np.int64(0)}, 3: {'Feature': ['monthlycharges', 'totalcharges', 'internetservice_DSL', 'internetservice_Fiber optic', 'internetservice_No', 'contract_Month-to-month', 'contract_One year', 'contract_Two year', 'paymentmethod_Bank transfer (automatic)', 'paymentmethod_Credit card (automatic)', 'paymentmethod_Electronic check', 'paymentmethod_Mailed check'], 'Weights': array([ 9.31653627e-02,  1.98104479e-01, -6.32166603e-03,  6.67754356e-02,
        0.00000000e+00,  1.64246585e-01, -1.09697272e-02, -1.18841344e-02,
       -9.49076152e-04, -5.02971276e-04,  8.41699536e-03, -8.12828975e-05]), 'Predicted Class': np.int64(0)}, 4: {'Feature': ['monthlycharges', 'totalcharges', 'internetservice_DSL', 'internetservice_Fiber optic', 'internetservice_No', 'contract_Month-to-month', 'contract_One year', 'contract_Two year', 'paymentmethod_Bank transfer (automatic)', 'paymentmethod_Credit card (automatic)', 'paymentmethod_Electronic check', 'paymentmethod_Mailed check'], 'Weights': array([ 7.93011314e-02,  4.50170450e-02, -6.32166603e-03,  2.86405821e-02,
        0.00000000e+00,  2.05733174e-01, -1.09697272e-02, -4.59647425e-02,
       -9.49076152e-04, -5.02971276e-04,  1.47939585e-02, -8.12828975e-05]), 'Predicted Class': np.int64(0)}}","[{'criterion': 'gini', 'max_depth': 20}, np.float64(0.6588920629954723), np.float64(0.4989201346640372), array([1.91531973e-01, 2.46064187e-01, 1.42085691e-02, 1.75209732e-02,
       1.09964628e-02, 1.11335759e-02, 4.72614392e-04, 1.81911258e-03,
       8.73972554e-03, 9.13432981e-04, 8.02687363e-03, 7.71097327e-03,
       3.98530265e-02, 2.65821812e-03, 1.35379334e-02, 1.97526337e-18,
       6.53398850e-03, 1.03372198e-02, 7.03650121e-19, 8.17413141e-03,
       7.11899679e-03, 1.48855750e-03, 7.19841552e-03, 9.92522621e-03,
       4.86195761e-18, 7.05608687e-03, 8.08783774e-03, 1.47161423e-03,
       4.15731826e-03, 5.75195813e-03, 1.52113646e-18, 5.39650083e-03,
       2.35879424e-01, 4.66188274e-03, 4.46642602e-03, 1.13302561e-02,
       1.11818213e-02, 1.51793274e-02, 1.33422512e-02, 1.67366805e-02,
       1.04027185e-02, 8.98373250e-03, 9.94997716e-03])]","[{'criterion': 'entropy', 'max_depth': 7}, np.float64(0.7350880092505685), np.float64(0.6125697141772394), array([0.15677358, 0.19912427, 0.01336023, 0.09162301, 0.01640966,
       0.45536666, 0.01464186, 0.01920851, 0.0096719 , 0.00415958,
       0.01629   , 0.00337074])]"
3,2.49,16,"['paperlessbilling', 'paymentmethod', 'dependents', 'multiplelines', 'totalcharges', 'phoneservice', 'deviceprotection', 'monthlycharges', 'onlinebackup', 'techsupport', 'streamingmovies', 'onlinesecurity', 'contract', 'internetservice', 'gender', 'streamingtv']","['totalcharges', 'contract', 'monthlycharges', 'paymentmethod', 'internetservice']","{'ccp_alpha': 0.0, 'class_weight': 'balanced', 'criterion': 'entropy', 'max_depth': 7, 'max_features': None, 'max_leaf_nodes': None, 'min_impurity_decrease': 0.0, 'min_samples_leaf': 1, 'min_samples_split': 2, 'min_weight_fraction_leaf': 0.0, 'monotonic_cst': None, 'random_state': 42, 'splitter': 'best'}","(np.float64(0.7909920475757715), 0.6527100659592773, 0.5222579164754475, 0.8700305810397554)","(np.float64(0.7350880092505685), np.float64(0.6125697141772394))","(np.float64(0.752938184487951), 0.6106666666666667, 0.48775292864749736, 0.8163992869875223)","{'Feature': ['monthlycharges', 'totalcharges', 'internetservice_DSL', 'internetservice_Fiber optic', 'internetservice_No', 'contract_Month-to-month', 'contract_One year', 'contract_Two year', 'paymentmethod_Bank transfer (automatic)', 'paymentmethod_Credit card (automatic)', 'paymentmethod_Electronic check', 'paymentmethod_Mailed check'], 'Importance': array([0.16140491, 0.20460035, 0.02837841, 0.08422357, 0.        ,
       0.4642758 , 0.0121455 , 0.02304046, 0.00533952, 0.0043386 ,
       0.01129963, 0.00095324])}","{0: {'Feature': ['monthlycharges', 'totalcharges', 'internetservice_DSL', 'internetservice_Fiber optic', 'internetservice_No', 'contract_Month-to-month', 'contract_One year', 'contract_Two year', 'paymentmethod_Bank transfer (automatic)', 'paymentmethod_Credit card (automatic)', 'paymentmethod_Electronic check', 'paymentmethod_Mailed check'], 'Weights': array([ 0.06696569, -0.01655377,  0.2089657 ,  0.26136796,  0.        ,
       -0.10861667,  0.00483118, -0.00921625,  0.00113526, -0.00280374,
        0.01299197,  0.08093266]), 'Predicted Class': np.int64(0)}, 1: {'Feature': ['monthlycharges', 'totalcharges', 'internetservice_DSL', 'internetservice_Fiber optic', 'internetservice_No', 'contract_Month-to-month', 'contract_One year', 'contract_Two year', 'paymentmethod_Bank transfer (automatic)', 'paymentmethod_Credit card (automatic)', 'paymentmethod_Electronic check', 'paymentmethod_Mailed check'], 'Weights': array([-3.33465114e-02, -1.67537811e-02,  1.52103811e-02, -9.20601304e-02,
        0.00000000e+00,  1.45529885e-01, -4.83118369e-03,  1.12508974e-02,
       -1.03349794e-03, -7.22421004e-05, -1.29919701e-02,  1.32548876e-04]), 'Predicted Class': np.int64(1)}, 2: {'Feature': ['monthlycharges', 'totalcharges', 'internetservice_DSL', 'internetservice_Fiber optic', 'internetservice_No', 'contract_Month-to-month', 'contract_One year', 'contract_Two year', 'paymentmethod_Bank transfer (automatic)', 'paymentmethod_Credit card (automatic)', 'paymentmethod_Electronic check', 'paymentmethod_Mailed check'], 'Weights': array([-9.14109330e-02,  2.36830763e-01,  6.30092071e-03, -5.46139314e-02,
        0.00000000e+00,  3.27034626e-01,  5.54572954e-02,  1.01051664e-02,
        4.88864516e-03, -6.55931645e-05,  5.21575347e-03,  2.57287504e-04]), 'Predicted Class': np.int64(0)}, 3: {'Feature': ['monthlycharges', 'totalcharges', 'internetservice_DSL', 'internetservice_Fiber optic', 'internetservice_No', 'contract_Month-to-month', 'contract_One year', 'contract_Two year', 'paymentmethod_Bank transfer (automatic)', 'paymentmethod_Credit card (automatic)', 'paymentmethod_Electronic check', 'paymentmethod_Mailed check'], 'Weights': array([ 9.31653627e-02,  1.98104479e-01, -6.32166603e-03,  6.67754356e-02,
        0.00000000e+00,  1.64246585e-01, -1.09697272e-02, -1.18841344e-02,
       -9.49076152e-04, -5.02971276e-04,  8.41699536e-03, -8.12828975e-05]), 'Predicted Class': np.int64(0)}, 4: {'Feature': ['monthlycharges', 'totalcharges', 'internetservice_DSL', 'internetservice_Fiber optic', 'internetservice_No', 'contract_Month-to-month', 'contract_One year', 'contract_Two year', 'paymentmethod_Bank transfer (automatic)', 'paymentmethod_Credit card (automatic)', 'paymentmethod_Electronic check', 'paymentmethod_Mailed check'], 'Weights': array([ 7.93011314e-02,  4.50170450e-02, -6.32166603e-03,  2.86405821e-02,
        0.00000000e+00,  2.05733174e-01, -1.09697272e-02, -4.59647425e-02,
       -9.49076152e-04, -5.02971276e-04,  1.47939585e-02, -8.12828975e-05]), 'Predicted Class': np.int64(0)}}","[{'criterion': 'gini', 'max_depth': 20}, np.float64(0.6652388311697504), np.float64(0.5086530653028417), array([1.93685587e-01, 2.56961431e-01, 1.48480582e-02, 1.67665969e-02,
       1.05003506e-02, 1.21950059e-02, 7.29115825e-04, 1.91927201e-03,
       8.49039445e-03, 5.93099481e-04, 8.63628256e-03, 8.95278545e-03,
       4.00387068e-02, 1.49346099e-03, 1.44359482e-02, 3.46656237e-19,
       5.61656764e-03, 1.06635229e-02, 1.47322509e-03, 7.94904680e-03,
       6.99375994e-03, 0.00000000e+00, 8.27114053e-03, 8.93954487e-03,
       1.41652667e-03, 7.28063971e-03, 6.90596051e-03, 6.91498312e-19,
       4.63554150e-03, 5.87068585e-03, 0.00000000e+00, 5.71485471e-03,
       2.37011985e-01, 5.21116297e-03, 3.99156943e-03, 1.11321786e-02,
       1.30720695e-02, 1.48799122e-02, 1.38655274e-02, 1.79926659e-02,
       1.08658174e-02])]","[{'criterion': 'entropy', 'max_depth': 7}, np.float64(0.7350880092505685), np.float64(0.6125697141772394), array([0.15677358, 0.19912427, 0.01336023, 0.09162301, 0.01640966,
       0.45536666, 0.01464186, 0.01920851, 0.0096719 , 0.00415958,
       0.01629   , 0.00337074])]"
4,2.44,15,"['paperlessbilling', 'paymentmethod', 'dependents', 'multiplelines', 'totalcharges', 'phoneservice', 'monthlycharges', 'onlinebackup', 'techsupport', 'streamingmovies', 'onlinesecurity', 'contract', 'internetservice', 'gender', 'streamingtv']","['totalcharges', 'monthlycharges', 'contract', 'paymentmethod', 'internetservice']","{'ccp_alpha': 0.0, 'class_weight': 'balanced', 'criterion': 'entropy', 'max_depth': 7, 'max_features': None, 'max_leaf_nodes': None, 'min_impurity_decrease': 0.0, 'min_samples_leaf': 1, 'min_samples_split': 2, 'min_weight_fraction_leaf': 0.0, 'monotonic_cst': None, 'random_state': 42, 'splitter': 'best'}","(np.float64(0.7909920475757715), 0.6527100659592773, 0.5222579164754475, 0.8700305810397554)","(np.float64(0.7350880092505685), np.float64(0.6125697141772394))","(np.float64(0.752938184487951), 0.6106666666666667, 0.48775292864749736, 0.8163992869875223)","{'Feature': ['monthlycharges', 'totalcharges', 'internetservice_DSL', 'internetservice_Fiber optic', 'internetservice_No', 'contract_Month-to-month', 'contract_One year', 'contract_Two year', 'paymentmethod_Bank transfer (automatic)', 'paymentmethod_Credit card (automatic)', 'paymentmethod_Electronic check', 'paymentmethod_Mailed check'], 'Importance': array([0.16140491, 0.20460035, 0.02837841, 0.08422357, 0.        ,
       0.4642758 , 0.0121455 , 0.02304046, 0.00533952, 0.0043386 ,
       0.01129963, 0.00095324])}","{0: {'Feature': ['monthlycharges', 'totalcharges', 'internetservice_DSL', 'internetservice_Fiber optic', 'internetservice_No', 'contract_Month-to-month', 'contract_One year', 'contract_Two year', 'paymentmethod_Bank transfer (automatic)', 'paymentmethod_Credit card (automatic)', 'paymentmethod_Electronic check', 'paymentmethod_Mailed check'], 'Weights': array([ 0.06696569, -0.01655377,  0.2089657 ,  0.26136796,  0.        ,
       -0.10861667,  0.00483118, -0.00921625,  0.00113526, -0.00280374,
        0.01299197,  0.08093266]), 'Predicted Class': np.int64(0)}, 1: {'Feature': ['monthlycharges', 'totalcharges', 'internetservice_DSL', 'internetservice_Fiber optic', 'internetservice_No', 'contract_Month-to-month', 'contract_One year', 'contract_Two year', 'paymentmethod_Bank transfer (automatic)', 'paymentmethod_Credit card (automatic)', 'paymentmethod_Electronic check', 'paymentmethod_Mailed check'], 'Weights': array([-3.33465114e-02, -1.67537811e-02,  1.52103811e-02, -9.20601304e-02,
        0.00000000e+00,  1.45529885e-01, -4.83118369e-03,  1.12508974e-02,
       -1.03349794e-03, -7.22421004e-05, -1.29919701e-02,  1.32548876e-04]), 'Predicted Class': np.int64(1)}, 2: {'Feature': ['monthlycharges', 'totalcharges', 'internetservice_DSL', 'internetservice_Fiber optic', 'internetservice_No', 'contract_Month-to-month', 'contract_One year', 'contract_Two year', 'paymentmethod_Bank transfer (automatic)', 'paymentmethod_Credit card (automatic)', 'paymentmethod_Electronic check', 'paymentmethod_Mailed check'], 'Weights': array([-9.14109330e-02,  2.36830763e-01,  6.30092071e-03, -5.46139314e-02,
        0.00000000e+00,  3.27034626e-01,  5.54572954e-02,  1.01051664e-02,
        4.88864516e-03, -6.55931645e-05,  5.21575347e-03,  2.57287504e-04]), 'Predicted Class': np.int64(0)}, 3: {'Feature': ['monthlycharges', 'totalcharges', 'internetservice_DSL', 'internetservice_Fiber optic', 'internetservice_No', 'contract_Month-to-month', 'contract_One year', 'contract_Two year', 'paymentmethod_Bank transfer (automatic)', 'paymentmethod_Credit card (automatic)', 'paymentmethod_Electronic check', 'paymentmethod_Mailed check'], 'Weights': array([ 9.31653627e-02,  1.98104479e-01, -6.32166603e-03,  6.67754356e-02,
        0.00000000e+00,  1.64246585e-01, -1.09697272e-02, -1.18841344e-02,
       -9.49076152e-04, -5.02971276e-04,  8.41699536e-03, -8.12828975e-05]), 'Predicted Class': np.int64(0)}, 4: {'Feature': ['monthlycharges', 'totalcharges', 'internetservice_DSL', 'internetservice_Fiber optic', 'internetservice_No', 'contract_Month-to-month', 'contract_One year', 'contract_Two year', 'paymentmethod_Bank transfer (automatic)', 'paymentmethod_Credit card (automatic)', 'paymentmethod_Electronic check', 'paymentmethod_Mailed check'], 'Weights': array([ 7.93011314e-02,  4.50170450e-02, -6.32166603e-03,  2.86405821e-02,
        0.00000000e+00,  2.05733174e-01, -1.09697272e-02, -4.59647425e-02,
       -9.49076152e-04, -5.02971276e-04,  1.47939585e-02, -8.12828975e-05]), 'Predicted Class': np.int64(0)}}","[{'criterion': 'entropy', 'max_depth': 20}, np.float64(0.6689952595037377), np.float64(0.5140646213981583), array([2.18423679e-01, 2.82454327e-01, 1.58992307e-02, 1.60150636e-02,
       1.20172592e-02, 1.21088621e-02, 1.18427868e-03, 1.49999759e-03,
       8.59565856e-03, 8.70144127e-04, 1.21249223e-02, 4.59582097e-03,
       3.78254908e-02, 2.43672691e-03, 1.05929934e-02, 4.99832846e-05,
       8.78908084e-03, 1.04766287e-02, 0.00000000e+00, 8.23609989e-03,
       1.15722699e-02, 2.43479364e-03, 9.02532076e-03, 6.31485097e-03,
       1.23285828e-03, 4.20327181e-03, 6.43883661e-03, 4.70115444e-04,
       7.60997052e-03, 1.85967426e-01, 6.66205225e-03, 6.35283123e-03,
       1.15322033e-02, 1.36235184e-02, 1.43825929e-02, 1.58348256e-02,
       2.00319941e-02, 1.21140199e-02])]","[{'criterion': 'entropy', 'max_depth': 7}, np.float64(0.7350880092505685), np.float64(0.6125697141772394), array([0.15677358, 0.19912427, 0.01336023, 0.09162301, 0.01640966,
       0.45536666, 0.01464186, 0.01920851, 0.0096719 , 0.00415958,
       0.01629   , 0.00337074])]"
5,2.34,14,"['paperlessbilling', 'paymentmethod', 'dependents', 'multiplelines', 'totalcharges', 'phoneservice', 'monthlycharges', 'techsupport', 'streamingmovies', 'onlinesecurity', 'contract', 'internetservice', 'gender', 'streamingtv']","['totalcharges', 'contract', 'monthlycharges', 'paymentmethod', 'internetservice']","{'ccp_alpha': 0.0, 'class_weight': 'balanced', 'criterion': 'entropy', 'max_depth': 7, 'max_features': None, 'max_leaf_nodes': None, 'min_impurity_decrease': 0.0, 'min_samples_leaf': 1, 'min_samples_split': 2, 'min_weight_fraction_leaf': 0.0, 'monotonic_cst': None, 'random_state': 42, 'splitter': 'best'}","(np.float64(0.7909920475757715), 0.6527100659592773, 0.5222579164754475, 0.8700305810397554)","(np.float64(0.7350880092505685), np.float64(0.6125697141772394))","(np.float64(0.752938184487951), 0.6106666666666667, 0.48775292864749736, 0.8163992869875223)","{'Feature': ['monthlycharges', 'totalcharges', 'internetservice_DSL', 'internetservice_Fiber optic', 'internetservice_No', 'contract_Month-to-month', 'contract_One year', 'contract_Two year', 'paymentmethod_Bank transfer (automatic)', 'paymentmethod_Credit card (automatic)', 'paymentmethod_Electronic check', 'paymentmethod_Mailed check'], 'Importance': array([0.16140491, 0.20460035, 0.02837841, 0.08422357, 0.        ,
       0.4642758 , 0.0121455 , 0.02304046, 0.00533952, 0.0043386 ,
       0.01129963, 0.00095324])}","{0: {'Feature': ['monthlycharges', 'totalcharges', 'internetservice_DSL', 'internetservice_Fiber optic', 'internetservice_No', 'contract_Month-to-month', 'contract_One year', 'contract_Two year', 'paymentmethod_Bank transfer (automatic)', 'paymentmethod_Credit card (automatic)', 'paymentmethod_Electronic check', 'paymentmethod_Mailed check'], 'Weights': array([ 0.06696569, -0.01655377,  0.2089657 ,  0.26136796,  0.        ,
       -0.10861667,  0.00483118, -0.00921625,  0.00113526, -0.00280374,
        0.01299197,  0.08093266]), 'Predicted Class': np.int64(0)}, 1: {'Feature': ['monthlycharges', 'totalcharges', 'internetservice_DSL', 'internetservice_Fiber optic', 'internetservice_No', 'contract_Month-to-month', 'contract_One year', 'contract_Two year', 'paymentmethod_Bank transfer (automatic)', 'paymentmethod_Credit card (automatic)', 'paymentmethod_Electronic check', 'paymentmethod_Mailed check'], 'Weights': array([-3.33465114e-02, -1.67537811e-02,  1.52103811e-02, -9.20601304e-02,
        0.00000000e+00,  1.45529885e-01, -4.83118369e-03,  1.12508974e-02,
       -1.03349794e-03, -7.22421004e-05, -1.29919701e-02,  1.32548876e-04]), 'Predicted Class': np.int64(1)}, 2: {'Feature': ['monthlycharges', 'totalcharges', 'internetservice_DSL', 'internetservice_Fiber optic', 'internetservice_No', 'contract_Month-to-month', 'contract_One year', 'contract_Two year', 'paymentmethod_Bank transfer (automatic)', 'paymentmethod_Credit card (automatic)', 'paymentmethod_Electronic check', 'paymentmethod_Mailed check'], 'Weights': array([-9.14109330e-02,  2.36830763e-01,  6.30092071e-03, -5.46139314e-02,
        0.00000000e+00,  3.27034626e-01,  5.54572954e-02,  1.01051664e-02,
        4.88864516e-03, -6.55931645e-05,  5.21575347e-03,  2.57287504e-04]), 'Predicted Class': np.int64(0)}, 3: {'Feature': ['monthlycharges', 'totalcharges', 'internetservice_DSL', 'internetservice_Fiber optic', 'internetservice_No', 'contract_Month-to-month', 'contract_One year', 'contract_Two year', 'paymentmethod_Bank transfer (automatic)', 'paymentmethod_Credit card (automatic)', 'paymentmethod_Electronic check', 'paymentmethod_Mailed check'], 'Weights': array([ 9.31653627e-02,  1.98104479e-01, -6.32166603e-03,  6.67754356e-02,
        0.00000000e+00,  1.64246585e-01, -1.09697272e-02, -1.18841344e-02,
       -9.49076152e-04, -5.02971276e-04,  8.41699536e-03, -8.12828975e-05]), 'Predicted Class': np.int64(0)}, 4: {'Feature': ['monthlycharges', 'totalcharges', 'internetservice_DSL', 'internetservice_Fiber optic', 'internetservice_No', 'contract_Month-to-month', 'contract_One year', 'contract_Two year', 'paymentmethod_Bank transfer (automatic)', 'paymentmethod_Credit card (automatic)', 'paymentmethod_Electronic check', 'paymentmethod_Mailed check'], 'Weights': array([ 7.93011314e-02,  4.50170450e-02, -6.32166603e-03,  2.86405821e-02,
        0.00000000e+00,  2.05733174e-01, -1.09697272e-02, -4.59647425e-02,
       -9.49076152e-04, -5.02971276e-04,  1.47939585e-02, -8.12828975e-05]), 'Predicted Class': np.int64(0)}}","[{'criterion': 'gini', 'max_depth': 20}, np.float64(0.6678625653192389), np.float64(0.5119712291680878), array([2.17418922e-01, 2.61458382e-01, 1.46628099e-02, 1.60705996e-02,
       1.06280426e-02, 1.16917082e-02, 4.51865502e-04, 1.11189120e-03,
       9.81297244e-03, 1.09025744e-03, 8.21929535e-03, 9.19657884e-03,
       4.01648209e-02, 3.01846954e-03, 1.50860627e-02, 9.02313936e-19,
       5.93195982e-03, 1.01070618e-02, 3.41527862e-19, 8.74149364e-03,
       6.31219495e-03, 1.40668671e-03, 4.15750022e-03, 6.62472285e-03,
       4.61352870e-05, 5.09685386e-03, 2.37423348e-01, 4.69758455e-03,
       4.62459618e-03, 1.36452290e-02, 1.32002164e-02, 1.43433359e-02,
       1.41460214e-02, 1.74057489e-02, 1.20066327e-02])]","[{'criterion': 'entropy', 'max_depth': 7}, np.float64(0.7350880092505685), np.float64(0.6125697141772394), array([0.15677358, 0.19912427, 0.01336023, 0.09162301, 0.01640966,
       0.45536666, 0.01464186, 0.01920851, 0.0096719 , 0.00415958,
       0.01629   , 0.00337074])]"
6,2.29,12,"['paperlessbilling', 'paymentmethod', 'multiplelines', 'totalcharges', 'phoneservice', 'monthlycharges', 'techsupport', 'streamingmovies', 'onlinesecurity', 'contract', 'gender', 'streamingtv']","['totalcharges', 'monthlycharges', 'contract', 'paymentmethod', 'onlinesecurity']","{'ccp_alpha': 0.0, 'class_weight': 'balanced', 'criterion': 'entropy', 'max_depth': 7, 'max_features': None, 'max_leaf_nodes': None, 'min_impurity_decrease': 0.0, 'min_samples_leaf': 1, 'min_samples_split': 2, 'min_weight_fraction_leaf': 0.0, 'monotonic_cst': None, 'random_state': 42, 'splitter': 'best'}","(np.float64(0.7927195293870761), 0.6664570889657341, 0.5659369994660972, 0.8103975535168195)","(np.float64(0.741550616677639), np.float64(0.61872855239333))","(np.float64(0.7321070807570637), 0.5924855491329479, 0.49817739975698666, 0.7308377896613191)","{'Feature': ['monthlycharges', 'totalcharges', 'onlinesecurity_No', 'onlinesecurity_No internet service', 'onlinesecurity_Yes', 'contract_Month-to-month', 'contract_One year', 'contract_Two year', 'paymentmethod_Bank transfer (automatic)', 'paymentmethod_Credit card (automatic)', 'paymentmethod_Electronic check', 'paymentmethod_Mailed check'], 'Importance': array([0.2137546 , 0.17193029, 0.08762022, 0.        , 0.00333297,
       0.45946037, 0.01201953, 0.02280148, 0.01256132, 0.        ,
       0.01024163, 0.00627759])}","{0: {'Feature': ['monthlycharges', 'totalcharges', 'onlinesecurity_No', 'onlinesecurity_No internet service', 'onlinesecurity_Yes', 'contract_Month-to-month', 'contract_One year', 'contract_Two year', 'paymentmethod_Bank transfer (automatic)', 'paymentmethod_Credit card (automatic)', 'paymentmethod_Electronic check', 'paymentmethod_Mailed check'], 'Weights': array([ 0.37657936, -0.09165116,  0.30984413,  0.        , -0.00055087,
       -0.10048578,  0.00466437, -0.00770338,  0.0035502 ,  0.        ,
        0.00242487,  0.00332826]), 'Predicted Class': np.int64(0)}, 1: {'Feature': ['monthlycharges', 'totalcharges', 'onlinesecurity_No', 'onlinesecurity_No internet service', 'onlinesecurity_Yes', 'contract_Month-to-month', 'contract_One year', 'contract_Two year', 'paymentmethod_Bank transfer (automatic)', 'paymentmethod_Credit card (automatic)', 'paymentmethod_Electronic check', 'paymentmethod_Mailed check'], 'Weights': array([-0.09460974,  0.09584612,  0.07687467,  0.        ,  0.00055087,
        0.14121497, -0.00466437,  0.01838908, -0.00135023,  0.        ,
       -0.00381108,  0.00378714]), 'Predicted Class': np.int64(1)}, 2: {'Feature': ['monthlycharges', 'totalcharges', 'onlinesecurity_No', 'onlinesecurity_No internet service', 'onlinesecurity_Yes', 'contract_Month-to-month', 'contract_One year', 'contract_Two year', 'paymentmethod_Bank transfer (automatic)', 'paymentmethod_Credit card (automatic)', 'paymentmethod_Electronic check', 'paymentmethod_Mailed check'], 'Weights': array([-0.07962217,  0.16996151,  0.08165896,  0.        ,  0.00103164,
        0.25753335,  0.05659214,  0.00927439,  0.00038575,  0.        ,
        0.00384752, -0.00066309]), 'Predicted Class': np.int64(0)}, 3: {'Feature': ['monthlycharges', 'totalcharges', 'onlinesecurity_No', 'onlinesecurity_No internet service', 'onlinesecurity_Yes', 'contract_Month-to-month', 'contract_One year', 'contract_Two year', 'paymentmethod_Bank transfer (automatic)', 'paymentmethod_Credit card (automatic)', 'paymentmethod_Electronic check', 'paymentmethod_Mailed check'], 'Weights': array([ 0.0558698 ,  0.07762607, -0.12499121,  0.        , -0.00055268,
        0.24897228, -0.01039767, -0.07842619, -0.00154008,  0.        ,
        0.00625948, -0.08136602]), 'Predicted Class': np.int64(0)}, 4: {'Feature': ['monthlycharges', 'totalcharges', 'onlinesecurity_No', 'onlinesecurity_No internet service', 'onlinesecurity_Yes', 'contract_Month-to-month', 'contract_One year', 'contract_Two year', 'paymentmethod_Bank transfer (automatic)', 'paymentmethod_Credit card (automatic)', 'paymentmethod_Electronic check', 'paymentmethod_Mailed check'], 'Weights': array([ 0.08879136,  0.0510242 ,  0.09735379,  0.        ,  0.00090605,
        0.25004041, -0.0116275 , -0.01840119,  0.00136189,  0.        ,
        0.01184018, -0.00926175]), 'Predicted Class': np.int64(0)}}","[{'criterion': 'entropy', 'max_depth': 20}, np.float64(0.6725500948493552), np.float64(0.5190603929298301), array([2.65705428e-01, 2.85525379e-01, 1.64789962e-02, 1.51522328e-02,
       9.54523897e-04, 8.12906886e-04, 1.06989526e-02, 1.32573890e-03,
       1.10223775e-02, 3.73966332e-02, 1.54445589e-04, 2.03343402e-03,
       1.33544056e-02, 3.90923260e-04, 1.33384148e-02, 8.26081379e-03,
       3.81828349e-05, 6.06898279e-03, 6.98658429e-03, 1.05560836e-04,
       9.68302143e-03, 1.90008768e-01, 6.95690119e-03, 6.66273017e-03,
       1.43352244e-02, 1.23444436e-02, 1.67337333e-02, 1.57906159e-02,
       1.79179281e-02, 1.37617168e-02])]","[{'criterion': 'entropy', 'max_depth': 7}, np.float64(0.741550616677639), np.float64(0.61872855239333), array([0.21880199, 0.170554  , 0.08597074, 0.00094155, 0.00082842,
       0.45403225, 0.01334538, 0.0202911 , 0.01114799, 0.00299984,
       0.01635751, 0.00472923])]"
7,2.24,11,"['paperlessbilling', 'paymentmethod', 'multiplelines', 'totalcharges', 'phoneservice', 'monthlycharges', 'techsupport', 'streamingmovies', 'onlinesecurity', 'contract', 'streamingtv']","['totalcharges', 'monthlycharges', 'contract', 'paymentmethod', 'onlinesecurity']","{'ccp_alpha': 0.0, 'class_weight': 'balanced', 'criterion': 'entropy', 'max_depth': 7, 'max_features': None, 'max_leaf_nodes': None, 'min_impurity_decrease': 0.0, 'min_samples_leaf': 1, 'min_samples_split': 2, 'min_weight_fraction_leaf': 0.0, 'monotonic_cst': None, 'random_state': 42, 'splitter': 'best'}","(np.float64(0.7927195293870761), 0.6664570889657341, 0.5659369994660972, 0.8103975535168195)","(np.float64(0.741550616677639), np.float64(0.61872855239333))","(np.float64(0.7321070807570637), 0.5924855491329479, 0.49817739975698666, 0.7308377896613191)","{'Feature': ['monthlycharges', 'totalcharges', 'onlinesecurity_No', 'onlinesecurity_No internet service', 'onlinesecurity_Yes', 'contract_Month-to-month', 'contract_One year', 'contract_Two year', 'paymentmethod_Bank transfer (automatic)', 'paymentmethod_Credit card (automatic)', 'paymentmethod_Electronic check', 'paymentmethod_Mailed check'], 'Importance': array([0.2137546 , 0.17193029, 0.08762022, 0.        , 0.00333297,
       0.45946037, 0.01201953, 0.02280148, 0.01256132, 0.        ,
       0.01024163, 0.00627759])}","{0: {'Feature': ['monthlycharges', 'totalcharges', 'onlinesecurity_No', 'onlinesecurity_No internet service', 'onlinesecurity_Yes', 'contract_Month-to-month', 'contract_One year', 'contract_Two year', 'paymentmethod_Bank transfer (automatic)', 'paymentmethod_Credit card (automatic)', 'paymentmethod_Electronic check', 'paymentmethod_Mailed check'], 'Weights': array([ 0.37657936, -0.09165116,  0.30984413,  0.        , -0.00055087,
       -0.10048578,  0.00466437, -0.00770338,  0.0035502 ,  0.        ,
        0.00242487,  0.00332826]), 'Predicted Class': np.int64(0)}, 1: {'Feature': ['monthlycharges', 'totalcharges', 'onlinesecurity_No', 'onlinesecurity_No internet service', 'onlinesecurity_Yes', 'contract_Month-to-month', 'contract_One year', 'contract_Two year', 'paymentmethod_Bank transfer (automatic)', 'paymentmethod_Credit card (automatic)', 'paymentmethod_Electronic check', 'paymentmethod_Mailed check'], 'Weights': array([-0.09460974,  0.09584612,  0.07687467,  0.        ,  0.00055087,
        0.14121497, -0.00466437,  0.01838908, -0.00135023,  0.        ,
       -0.00381108,  0.00378714]), 'Predicted Class': np.int64(1)}, 2: {'Feature': ['monthlycharges', 'totalcharges', 'onlinesecurity_No', 'onlinesecurity_No internet service', 'onlinesecurity_Yes', 'contract_Month-to-month', 'contract_One year', 'contract_Two year', 'paymentmethod_Bank transfer (automatic)', 'paymentmethod_Credit card (automatic)', 'paymentmethod_Electronic check', 'paymentmethod_Mailed check'], 'Weights': array([-0.07962217,  0.16996151,  0.08165896,  0.        ,  0.00103164,
        0.25753335,  0.05659214,  0.00927439,  0.00038575,  0.        ,
        0.00384752, -0.00066309]), 'Predicted Class': np.int64(0)}, 3: {'Feature': ['monthlycharges', 'totalcharges', 'onlinesecurity_No', 'onlinesecurity_No internet service', 'onlinesecurity_Yes', 'contract_Month-to-month', 'contract_One year', 'contract_Two year', 'paymentmethod_Bank transfer (automatic)', 'paymentmethod_Credit card (automatic)', 'paymentmethod_Electronic check', 'paymentmethod_Mailed check'], 'Weights': array([ 0.0558698 ,  0.07762607, -0.12499121,  0.        , -0.00055268,
        0.24897228, -0.01039767, -0.07842619, -0.00154008,  0.        ,
        0.00625948, -0.08136602]), 'Predicted Class': np.int64(0)}, 4: {'Feature': ['monthlycharges', 'totalcharges', 'onlinesecurity_No', 'onlinesecurity_No internet service', 'onlinesecurity_Yes', 'contract_Month-to-month', 'contract_One year', 'contract_Two year', 'paymentmethod_Bank transfer (automatic)', 'paymentmethod_Credit card (automatic)', 'paymentmethod_Electronic check', 'paymentmethod_Mailed check'], 'Weights': array([ 0.08879136,  0.0510242 ,  0.09735379,  0.        ,  0.00090605,
        0.25004041, -0.0116275 , -0.01840119,  0.00136189,  0.        ,
        0.01184018, -0.00926175]), 'Predicted Class': np.int64(0)}}","[{'criterion': 'gini', 'max_depth': 20}, np.float64(0.6636603047975702), np.float64(0.5066128314096455), array([2.61935232e-01, 2.80662136e-01, 7.50211425e-04, 4.84718893e-04,
       9.86385277e-03, 9.44010906e-04, 8.98706144e-03, 4.43683381e-02,
       7.50111758e-05, 2.05608782e-03, 1.21841521e-02, 9.59617904e-20,
       1.01701334e-02, 8.36083495e-03, 5.56602554e-05, 5.49032214e-03,
       7.08163141e-03, 4.26770575e-20, 7.95907987e-03, 2.41574780e-01,
       4.68279720e-03, 4.57319181e-03, 1.34365913e-02, 1.36540272e-02,
       1.52876376e-02, 1.53748625e-02, 1.76422786e-02, 1.23453581e-02])]","[{'criterion': 'entropy', 'max_depth': 7}, np.float64(0.741550616677639), np.float64(0.61872855239333), array([0.21880199, 0.170554  , 0.08597074, 0.00094155, 0.00082842,
       0.45403225, 0.01334538, 0.0202911 , 0.01114799, 0.00299984,
       0.01635751, 0.00472923])]"
8,2.09,9,"['paperlessbilling', 'paymentmethod', 'totalcharges', 'phoneservice', 'monthlycharges', 'techsupport', 'streamingmovies', 'contract', 'streamingtv']","['totalcharges', 'monthlycharges', 'contract', 'paymentmethod', 'techsupport']","{'ccp_alpha': 0.0, 'class_weight': 'balanced', 'criterion': 'entropy', 'max_depth': 7, 'max_features': None, 'max_leaf_nodes': None, 'min_impurity_decrease': 0.0, 'min_samples_leaf': 1, 'min_samples_split': 2, 'min_weight_fraction_leaf': 0.0, 'monotonic_cst': None, 'random_state': 42, 'splitter': 'best'}","(np.float64(0.7985941522011748), 0.6637401229148375, 0.5376955903271693, 0.8669724770642202)","(np.float64(0.7405017452109657), np.float64(0.6197775174160131))","(np.float64(0.7410916593880935), 0.5990469707283866, 0.4845814977973568, 0.7843137254901961)","{'Feature': ['monthlycharges', 'totalcharges', 'techsupport_No', 'techsupport_No internet service', 'techsupport_Yes', 'contract_Month-to-month', 'contract_One year', 'contract_Two year', 'paymentmethod_Bank transfer (automatic)', 'paymentmethod_Credit card (automatic)', 'paymentmethod_Electronic check', 'paymentmethod_Mailed check'], 'Importance': array([2.22507795e-01, 1.80327890e-01, 7.76987904e-02, 0.00000000e+00,
       0.00000000e+00, 4.57174884e-01, 1.19597435e-02, 2.26880622e-02,
       8.23748224e-03, 1.95869612e-17, 1.94053534e-02, 0.00000000e+00])}","{0: {'Feature': ['monthlycharges', 'totalcharges', 'techsupport_No', 'techsupport_No internet service', 'techsupport_Yes', 'contract_Month-to-month', 'contract_One year', 'contract_Two year', 'paymentmethod_Bank transfer (automatic)', 'paymentmethod_Credit card (automatic)', 'paymentmethod_Electronic check', 'paymentmethod_Mailed check'], 'Weights': array([ 2.37866624e-01, -1.28326485e-01,  2.46043314e-01,  0.00000000e+00,
        0.00000000e+00, -1.19410402e-01,  4.92479622e-03, -9.26949527e-03,
       -7.39995524e-04, -6.93889390e-18, -3.07666298e-04,  0.00000000e+00]), 'Predicted Class': np.int64(0)}, 1: {'Feature': ['monthlycharges', 'totalcharges', 'techsupport_No', 'techsupport_No internet service', 'techsupport_Yes', 'contract_Month-to-month', 'contract_One year', 'contract_Two year', 'paymentmethod_Bank transfer (automatic)', 'paymentmethod_Credit card (automatic)', 'paymentmethod_Electronic check', 'paymentmethod_Mailed check'], 'Weights': array([ 1.72484484e-01,  4.08852633e-02, -6.53969437e-03,  0.00000000e+00,
        0.00000000e+00, -1.49113226e-01,  4.78122556e-03, -1.12561123e-02,
       -8.49150031e-05, -2.16840434e-18,  2.93506978e-02,  0.00000000e+00]), 'Predicted Class': np.int64(0)}, 2: {'Feature': ['monthlycharges', 'totalcharges', 'techsupport_No', 'techsupport_No internet service', 'techsupport_Yes', 'contract_Month-to-month', 'contract_One year', 'contract_Two year', 'paymentmethod_Bank transfer (automatic)', 'paymentmethod_Credit card (automatic)', 'paymentmethod_Electronic check', 'paymentmethod_Mailed check'], 'Weights': array([-9.24313180e-02,  2.42414589e-01,  1.61115057e-02,  0.00000000e+00,
        0.00000000e+00,  2.59462654e-01,  5.49178428e-02,  9.90611867e-03,
        3.93709773e-03, -6.07153217e-18,  5.68150978e-03,  0.00000000e+00]), 'Predicted Class': np.int64(0)}, 3: {'Feature': ['monthlycharges', 'totalcharges', 'techsupport_No', 'techsupport_No internet service', 'techsupport_Yes', 'contract_Month-to-month', 'contract_One year', 'contract_Two year', 'paymentmethod_Bank transfer (automatic)', 'paymentmethod_Credit card (automatic)', 'paymentmethod_Electronic check', 'paymentmethod_Mailed check'], 'Weights': array([ 9.97039739e-02,  1.55806204e-01,  8.45556375e-02,  0.00000000e+00,
        0.00000000e+00,  1.74530534e-01, -1.12448657e-02, -1.07994079e-02,
       -9.88918433e-04, -2.42861287e-17,  8.43684281e-03,  0.00000000e+00]), 'Predicted Class': np.int64(0)}, 4: {'Feature': ['monthlycharges', 'totalcharges', 'techsupport_No', 'techsupport_No internet service', 'techsupport_Yes', 'contract_Month-to-month', 'contract_One year', 'contract_Two year', 'paymentmethod_Bank transfer (automatic)', 'paymentmethod_Credit card (automatic)', 'paymentmethod_Electronic check', 'paymentmethod_Mailed check'], 'Weights': array([ 1.25555440e-01,  4.16044740e-02, -2.04924774e-02,  0.00000000e+00,
        0.00000000e+00,  2.01105258e-01, -1.08813514e-02, -4.54503895e-02,
       -3.72477231e-04, -6.50521303e-18,  1.76279486e-02,  0.00000000e+00]), 'Predicted Class': np.int64(0)}}","[{'criterion': 'gini', 'max_depth': 20}, np.float64(0.6761791126117703), np.float64(0.5250044723905278), array([2.86158067e-01, 2.94973483e-01, 1.60584096e-03, 1.38494204e-03,
       3.87710029e-02, 1.17508028e-18, 2.60332430e-03, 8.46250082e-03,
       1.01942750e-04, 6.87161051e-03, 6.89083692e-03, 1.56779247e-03,
       8.44248786e-03, 2.43974646e-01, 4.53380543e-03, 5.13385035e-03,
       1.14595399e-02, 1.42948125e-02, 1.65718890e-02, 1.41664769e-02,
       1.99517304e-02, 1.20794175e-02])]","[{'criterion': 'entropy', 'max_depth': 7}, np.float64(0.7405017452109657), np.float64(0.6197775174160131), array([0.23353939, 0.17774038, 0.05087786, 0.01336115, 0.00360765,
       0.45094614, 0.01450715, 0.01896108, 0.01019756, 0.00484751,
       0.01768717, 0.00372696])]"
9,1.99,7,"['paperlessbilling', 'paymentmethod', 'totalcharges', 'phoneservice', 'monthlycharges', 'contract', 'streamingtv']","['totalcharges', 'monthlycharges', 'contract', 'paymentmethod', 'streamingtv']","{'ccp_alpha': 0.0, 'class_weight': 'balanced', 'criterion': 'gini', 'max_depth': 7, 'max_features': None, 'max_leaf_nodes': None, 'min_impurity_decrease': 0.0, 'min_samples_leaf': 1, 'min_samples_split': 2, 'min_weight_fraction_leaf': 0.0, 'monotonic_cst': None, 'random_state': 42, 'splitter': 'best'}","(np.float64(0.7982846609092402), 0.6631609699094362, 0.5366430260047281, 0.867737003058104)","(np.float64(0.7357252515707517), np.float64(0.6139833435021678))","(np.float64(0.7440738605436892), 0.603021978021978, 0.49050279329608937, 0.7825311942959001)","{'Feature': ['monthlycharges', 'totalcharges', 'streamingtv_No', 'streamingtv_No internet service', 'streamingtv_Yes', 'contract_Month-to-month', 'contract_One year', 'contract_Two year', 'paymentmethod_Bank transfer (automatic)', 'paymentmethod_Credit card (automatic)', 'paymentmethod_Electronic check', 'paymentmethod_Mailed check'], 'Importance': array([1.97722922e-01, 1.92426422e-01, 3.23697754e-03, 3.23573748e-02,
       3.28762921e-03, 5.28005639e-01, 1.27089996e-02, 9.60471106e-03,
       9.93487665e-03, 3.28837218e-04, 7.13908051e-03, 3.24653013e-03])}","{0: {'Feature': ['monthlycharges', 'totalcharges', 'streamingtv_No', 'streamingtv_No internet service', 'streamingtv_Yes', 'contract_Month-to-month', 'contract_One year', 'contract_Two year', 'paymentmethod_Bank transfer (automatic)', 'paymentmethod_Credit card (automatic)', 'paymentmethod_Electronic check', 'paymentmethod_Mailed check'], 'Weights': array([ 4.17194241e-01, -9.24016004e-02,  9.31428203e-05,  2.18546630e-01,
        1.85390845e-03, -1.19318864e-01,  4.34961911e-03, -7.15683618e-03,
        2.85369006e-03, -2.13864079e-04,  4.01663116e-03,  7.01833021e-02]), 'Predicted Class': np.int64(0)}, 1: {'Feature': ['monthlycharges', 'totalcharges', 'streamingtv_No', 'streamingtv_No internet service', 'streamingtv_Yes', 'contract_Month-to-month', 'contract_One year', 'contract_Two year', 'paymentmethod_Bank transfer (automatic)', 'paymentmethod_Credit card (automatic)', 'paymentmethod_Electronic check', 'paymentmethod_Mailed check'], 'Weights': array([-0.07042335,  0.02218654,  0.00506373,  0.01469818, -0.00429636,
        0.16632755, -0.00434962,  0.01107212, -0.00342517, -0.00057608,
       -0.00388146, -0.00435096]), 'Predicted Class': np.int64(1)}, 2: {'Feature': ['monthlycharges', 'totalcharges', 'streamingtv_No', 'streamingtv_No internet service', 'streamingtv_Yes', 'contract_Month-to-month', 'contract_One year', 'contract_Two year', 'paymentmethod_Bank transfer (automatic)', 'paymentmethod_Credit card (automatic)', 'paymentmethod_Electronic check', 'paymentmethod_Mailed check'], 'Weights': array([-0.07259363,  0.31239483, -0.00150311, -0.00453418, -0.00188111,
        0.18159972,  0.0550161 ,  0.01177541, -0.00385826,  0.00161582,
        0.0223236 , -0.00035517]), 'Predicted Class': np.int64(0)}, 3: {'Feature': ['monthlycharges', 'totalcharges', 'streamingtv_No', 'streamingtv_No internet service', 'streamingtv_Yes', 'contract_Month-to-month', 'contract_One year', 'contract_Two year', 'paymentmethod_Bank transfer (automatic)', 'paymentmethod_Credit card (automatic)', 'paymentmethod_Electronic check', 'paymentmethod_Mailed check'], 'Weights': array([ 0.08611986,  0.14414918, -0.0115162 , -0.00401971,  0.00668784,
        0.26214669, -0.00942134, -0.02628296,  0.01160359,  0.00198671,
        0.00427673,  0.00088516]), 'Predicted Class': np.int64(0)}, 4: {'Feature': ['monthlycharges', 'totalcharges', 'streamingtv_No', 'streamingtv_No internet service', 'streamingtv_Yes', 'contract_Month-to-month', 'contract_One year', 'contract_Two year', 'paymentmethod_Bank transfer (automatic)', 'paymentmethod_Credit card (automatic)', 'paymentmethod_Electronic check', 'paymentmethod_Mailed check'], 'Weights': array([ 0.11530509,  0.06414455, -0.01160882, -0.00608502,  0.02595507,
        0.18776733, -0.00942134, -0.0525312 ,  0.01152391,  0.00198671,
        0.00390732,  0.00088516]), 'Predicted Class': np.int64(0)}}","[{'criterion': 'entropy', 'max_depth': 20}, np.float64(0.6643271848316142), np.float64(0.5086907212501406), array([0.31884142, 0.34294675, 0.0030821 , 0.0014825 , 0.00904116,
       0.01320468, 0.00877639, 0.19195377, 0.00709425, 0.00779606,
       0.01482813, 0.0144322 , 0.01669087, 0.01657008, 0.01868631,
       0.01457334])]","[{'criterion': 'gini', 'max_depth': 7}, np.float64(0.7357252515707517), np.float64(0.6139833435021678), array([0.21008646, 0.18319546, 0.00441118, 0.03267559, 0.0034568 ,
       0.5157888 , 0.00929586, 0.01266165, 0.0065267 , 0.00308352,
       0.01603986, 0.00277812])]"
10,1.94,6,"['paperlessbilling', 'paymentmethod', 'totalcharges', 'monthlycharges', 'contract', 'streamingtv']","['totalcharges', 'monthlycharges', 'contract', 'paymentmethod', 'streamingtv']","{'ccp_alpha': 0.0, 'class_weight': 'balanced', 'criterion': 'gini', 'max_depth': 7, 'max_features': None, 'max_leaf_nodes': None, 'min_impurity_decrease': 0.0, 'min_samples_leaf': 1, 'min_samples_split': 2, 'min_weight_fraction_leaf': 0.0, 'monotonic_cst': None, 'random_state': 42, 'splitter': 'best'}","(np.float64(0.7982846609092402), 0.6631609699094362, 0.5366430260047281, 0.867737003058104)","(np.float64(0.7357252515707517), np.float64(0.6139833435021678))","(np.float64(0.7440738605436892), 0.603021978021978, 0.49050279329608937, 0.7825311942959001)","{'Feature': ['monthlycharges', 'totalcharges', 'streamingtv_No', 'streamingtv_No internet service', 'streamingtv_Yes', 'contract_Month-to-month', 'contract_One year', 'contract_Two year', 'paymentmethod_Bank transfer (automatic)', 'paymentmethod_Credit card (automatic)', 'paymentmethod_Electronic check', 'paymentmethod_Mailed check'], 'Importance': array([1.97722922e-01, 1.92426422e-01, 3.23697754e-03, 3.23573748e-02,
       3.28762921e-03, 5.28005639e-01, 1.27089996e-02, 9.60471106e-03,
       9.93487665e-03, 3.28837218e-04, 7.13908051e-03, 3.24653013e-03])}","{0: {'Feature': ['monthlycharges', 'totalcharges', 'streamingtv_No', 'streamingtv_No internet service', 'streamingtv_Yes', 'contract_Month-to-month', 'contract_One year', 'contract_Two year', 'paymentmethod_Bank transfer (automatic)', 'paymentmethod_Credit card (automatic)', 'paymentmethod_Electronic check', 'paymentmethod_Mailed check'], 'Weights': array([ 4.17194241e-01, -9.24016004e-02,  9.31428203e-05,  2.18546630e-01,
        1.85390845e-03, -1.19318864e-01,  4.34961911e-03, -7.15683618e-03,
        2.85369006e-03, -2.13864079e-04,  4.01663116e-03,  7.01833021e-02]), 'Predicted Class': np.int64(0)}, 1: {'Feature': ['monthlycharges', 'totalcharges', 'streamingtv_No', 'streamingtv_No internet service', 'streamingtv_Yes', 'contract_Month-to-month', 'contract_One year', 'contract_Two year', 'paymentmethod_Bank transfer (automatic)', 'paymentmethod_Credit card (automatic)', 'paymentmethod_Electronic check', 'paymentmethod_Mailed check'], 'Weights': array([-0.07042335,  0.02218654,  0.00506373,  0.01469818, -0.00429636,
        0.16632755, -0.00434962,  0.01107212, -0.00342517, -0.00057608,
       -0.00388146, -0.00435096]), 'Predicted Class': np.int64(1)}, 2: {'Feature': ['monthlycharges', 'totalcharges', 'streamingtv_No', 'streamingtv_No internet service', 'streamingtv_Yes', 'contract_Month-to-month', 'contract_One year', 'contract_Two year', 'paymentmethod_Bank transfer (automatic)', 'paymentmethod_Credit card (automatic)', 'paymentmethod_Electronic check', 'paymentmethod_Mailed check'], 'Weights': array([-0.07259363,  0.31239483, -0.00150311, -0.00453418, -0.00188111,
        0.18159972,  0.0550161 ,  0.01177541, -0.00385826,  0.00161582,
        0.0223236 , -0.00035517]), 'Predicted Class': np.int64(0)}, 3: {'Feature': ['monthlycharges', 'totalcharges', 'streamingtv_No', 'streamingtv_No internet service', 'streamingtv_Yes', 'contract_Month-to-month', 'contract_One year', 'contract_Two year', 'paymentmethod_Bank transfer (automatic)', 'paymentmethod_Credit card (automatic)', 'paymentmethod_Electronic check', 'paymentmethod_Mailed check'], 'Weights': array([ 0.08611986,  0.14414918, -0.0115162 , -0.00401971,  0.00668784,
        0.26214669, -0.00942134, -0.02628296,  0.01160359,  0.00198671,
        0.00427673,  0.00088516]), 'Predicted Class': np.int64(0)}, 4: {'Feature': ['monthlycharges', 'totalcharges', 'streamingtv_No', 'streamingtv_No internet service', 'streamingtv_Yes', 'contract_Month-to-month', 'contract_One year', 'contract_Two year', 'paymentmethod_Bank transfer (automatic)', 'paymentmethod_Credit card (automatic)', 'paymentmethod_Electronic check', 'paymentmethod_Mailed check'], 'Weights': array([ 0.11530509,  0.06414455, -0.01160882, -0.00608502,  0.02595507,
        0.18776733, -0.00942134, -0.0525312 ,  0.01152391,  0.00198671,
        0.00390732,  0.00088516]), 'Predicted Class': np.int64(0)}}","[{'criterion': 'gini', 'max_depth': 20}, np.float64(0.6650850176672004), np.float64(0.5086546440635874), array([0.30061292, 0.32572442, 0.00848612, 0.01546854, 0.00963393,
       0.24121141, 0.00480051, 0.00546512, 0.01220914, 0.01409488,
       0.01640264, 0.01445462, 0.01845073, 0.01298502])]","[{'criterion': 'gini', 'max_depth': 7}, np.float64(0.7357252515707517), np.float64(0.6139833435021678), array([0.21008646, 0.18319546, 0.00441118, 0.03267559, 0.0034568 ,
       0.5157888 , 0.00929586, 0.01266165, 0.0065267 , 0.00308352,
       0.01603986, 0.00277812])]"
